{
  "heuristic": "AdaptiveHybrid",
  "trace": "google_like",
  "seed": 456,
  "total_allocations": 100000,
  "failed_allocations": 0,
  "allocation_failure_rate": 0.0,
  "avg_host_utilization": 0.8779032865174271,
  "avg_fragmentation_index": 0.2865568639470168,
  "avg_active_hosts": 363.3765586034913,
  "max_active_hosts": 432,
  "avg_waste_pct": 11.710918231050305,
  "final_waste_pct": 0,
  "cpu_waste_pct": 7.306906428336065,
  "ram_waste_pct": 16.23233272279763,
  "wall_clock_seconds": 90.33054304122925,
  "events_per_second": 2214.0905309150494
}