{
  "azure_like": {
    "BFD": {
      "novel": "FARB",
      "baseline": "BFD",
      "novel_mean_waste": 5.3574454689112505,
      "baseline_mean_waste": 6.009836403367846,
      "waste_reduction_pp": 0.6523909344565952,
      "timeseries_samples": 603,
      "paired_ttest_t": -32.258424875180644,
      "paired_ttest_p": 2.475488920304109e-133,
      "wilcoxon_w": 2577.0,
      "wilcoxon_p": 4.401746699387336e-85,
      "cohens_d": -1.3136646142674995,
      "mean_diff_pp": -0.6523910447761194,
      "ci_95_lower": -0.6921090065146652,
      "ci_95_upper": -0.6126730830375736,
      "significant_005": true
    },
    "BF": {
      "novel": "FARB",
      "baseline": "BF",
      "novel_mean_waste": 5.3574454689112505,
      "baseline_mean_waste": 6.009836403367846,
      "waste_reduction_pp": 0.6523909344565952,
      "timeseries_samples": 603,
      "paired_ttest_t": -32.258424875180644,
      "paired_ttest_p": 2.475488920304109e-133,
      "wilcoxon_w": 2577.0,
      "wilcoxon_p": 4.401746699387336e-85,
      "cohens_d": -1.3136646142674995,
      "mean_diff_pp": -0.6523910447761194,
      "ci_95_lower": -0.6921090065146652,
      "ci_95_upper": -0.6126730830375736,
      "significant_005": true
    },
    "FFD": {
      "novel": "FARB",
      "baseline": "FFD",
      "novel_mean_waste": 5.3574454689112505,
      "baseline_mean_waste": 6.558189886455998,
      "waste_reduction_pp": 1.2007444175447475,
      "timeseries_samples": 603,
      "paired_ttest_t": -53.03016325965454,
      "paired_ttest_p": 4.926799813913718e-229,
      "wilcoxon_w": 447.0,
      "wilcoxon_p": 1.6547518896487042e-96,
      "cohens_d": -2.1595551931814985,
      "mean_diff_pp": -1.2007462686567165,
      "ci_95_lower": -1.2452145558096046,
      "ci_95_upper": -1.1562779815038284,
      "significant_005": true
    },
    "DotProduct": {
      "novel": "FARB",
      "baseline": "DotProduct",
      "novel_mean_waste": 5.3574454689112505,
      "baseline_mean_waste": 5.832891564937623,
      "waste_reduction_pp": 0.47544609602637244,
      "timeseries_samples": 603,
      "paired_ttest_t": -27.095577810048997,
      "paired_ttest_p": 2.6033979185864986e-106,
      "wilcoxon_w": 5779.5,
      "wilcoxon_p": 4.617949509427336e-75,
      "cohens_d": -1.103417228519679,
      "mean_diff_pp": -0.47545024875621894,
      "ci_95_lower": -0.5099113206707931,
      "ci_95_upper": -0.44098917684164474,
      "significant_005": true
    },
    "L2": {
      "novel": "FARB",
      "baseline": "L2",
      "novel_mean_waste": 5.3574454689112505,
      "baseline_mean_waste": 6.009836403367846,
      "waste_reduction_pp": 0.6523909344565952,
      "timeseries_samples": 603,
      "paired_ttest_t": -32.258424875180644,
      "paired_ttest_p": 2.475488920304109e-133,
      "wilcoxon_w": 2577.0,
      "wilcoxon_p": 4.401746699387336e-85,
      "cohens_d": -1.3136646142674995,
      "mean_diff_pp": -0.6523910447761194,
      "ci_95_lower": -0.6921090065146652,
      "ci_95_upper": -0.6126730830375736,
      "significant_005": true
    },
    "AdaptiveHybrid_vs_BFD": {
      "novel": "AdaptiveHybrid",
      "baseline": "BFD",
      "novel_mean_waste": 5.6543245416557975,
      "baseline_mean_waste": 6.009836403367846,
      "waste_reduction_pp": 0.3555118617120483,
      "paired_ttest_t": -17.380808256873692,
      "paired_ttest_p": 3.864099699495639e-55,
      "cohens_d": -0.7078012290671712,
      "significant_005": true
    }
  },
  "google_like": {
    "BFD": {
      "novel": "FARB",
      "baseline": "BFD",
      "novel_mean_waste": 11.654838138877123,
      "baseline_mean_waste": 11.23452032803211,
      "waste_reduction_pp": -0.4203178108450132,
      "timeseries_samples": 1203,
      "paired_ttest_t": 26.442707669001663,
      "paired_ttest_p": 7.999420073168854e-122,
      "wilcoxon_w": 56998.5,
      "wilcoxon_p": 1.0220937467692999e-106,
      "cohens_d": 0.7623828358620598,
      "mean_diff_pp": 0.42031970074812963,
      "ci_95_lower": 0.3891337173803447,
      "ci_95_upper": 0.4515056841159146,
      "significant_005": true
    },
    "BF": {
      "novel": "FARB",
      "baseline": "BF",
      "novel_mean_waste": 11.654838138877123,
      "baseline_mean_waste": 11.23452032803211,
      "waste_reduction_pp": -0.4203178108450132,
      "timeseries_samples": 1203,
      "paired_ttest_t": 26.442707669001663,
      "paired_ttest_p": 7.999420073168854e-122,
      "wilcoxon_w": 56998.5,
      "wilcoxon_p": 1.0220937467692999e-106,
      "cohens_d": 0.7623828358620598,
      "mean_diff_pp": 0.42031970074812963,
      "ci_95_lower": 0.3891337173803447,
      "ci_95_upper": 0.4515056841159146,
      "significant_005": true
    },
    "FFD": {
      "novel": "FARB",
      "baseline": "FFD",
      "novel_mean_waste": 11.654838138877123,
      "baseline_mean_waste": 10.989323062754645,
      "waste_reduction_pp": -0.6655150761224782,
      "timeseries_samples": 1203,
      "paired_ttest_t": 35.607053112507344,
      "paired_ttest_p": 3.4090348922915405e-190,
      "wilcoxon_w": 63954.0,
      "wilcoxon_p": 8.307988099124047e-126,
      "cohens_d": 1.0266046302222949,
      "mean_diff_pp": 0.6655154613466334,
      "ci_95_lower": 0.6288457292035993,
      "ci_95_upper": 0.7021851934896676,
      "significant_005": true
    },
    "DotProduct": {
      "novel": "FARB",
      "baseline": "DotProduct",
      "novel_mean_waste": 11.654838138877123,
      "baseline_mean_waste": 11.219082342286635,
      "waste_reduction_pp": -0.43575579659048813,
      "timeseries_samples": 1203,
      "paired_ttest_t": 29.621405780548827,
      "paired_ttest_p": 3.069868412787149e-145,
      "wilcoxon_w": 36475.5,
      "wilcoxon_p": 6.915476206980028e-118,
      "cohens_d": 0.8540294596103644,
      "mean_diff_pp": 0.4357568578553616,
      "ci_95_lower": 0.40689500650173754,
      "ci_95_upper": 0.4646187092089857,
      "significant_005": true
    },
    "L2": {
      "novel": "FARB",
      "baseline": "L2",
      "novel_mean_waste": 11.654838138877123,
      "baseline_mean_waste": 11.23452032803211,
      "waste_reduction_pp": -0.4203178108450132,
      "timeseries_samples": 1203,
      "paired_ttest_t": 26.442707669001663,
      "paired_ttest_p": 7.999420073168854e-122,
      "wilcoxon_w": 56998.5,
      "wilcoxon_p": 1.0220937467692999e-106,
      "cohens_d": 0.7623828358620598,
      "mean_diff_pp": 0.42031970074812963,
      "ci_95_lower": 0.3891337173803447,
      "ci_95_upper": 0.4515056841159146,
      "significant_005": true
    },
    "AdaptiveHybrid_vs_BFD": {
      "novel": "AdaptiveHybrid",
      "baseline": "BFD",
      "novel_mean_waste": 11.710918231050305,
      "baseline_mean_waste": 11.23452032803211,
      "waste_reduction_pp": -0.47639790301819573,
      "paired_ttest_t": 34.43378277103181,
      "paired_ttest_p": 2.3544122605872688e-181,
      "cohens_d": 0.992777490377989,
      "significant_005": true
    }
  }
}