{
  "fixed": {
    "dt": 0.001,
    "total_steps": 628318,
    "final_energy_error": 0.0023340955487139428,
    "wall_time_seconds": 17.88
  },
  "adaptive": {
    "eta": 0.01,
    "total_steps": 62746,
    "final_energy_error": 0.000975796880930298,
    "wall_time_seconds": 1.36,
    "dt_one_period_sample": [
      0.0009999999999999998,
      0.0010004500232397916,
      0.0010017992396914644,
      0.0010040463088819836,
      0.0010071898145700522,
      0.0010112282704753419,
      0.0010161601257527453,
      0.0010219837701514708,
      0.001028697538806516,
      0.0010362997166186516,
      0.0010447885421882672,
      0.0010541622112779459,
      0.001064418879788127,
      0.0010755566662394459,
      0.0010875736537640092,
      0.0011004678916158414,
      0.001114237396217787,
      0.0011288801517682226,
      0.001144394110435945,
      0.0011607771921755049,
      0.0011780272841981278,
      0.0011961422401351996,
      0.0012151198789321917,
      0.0012349579835109895,
      0.0012556542992378937,
      0.0012772065322333031,
      0.0012996123475573008,
      0.001322869367303178,
      0.0013469751686285038,
      0.001371927281750685,
      0.001397723187931243,
      0.0014243603174702653,
      0.0014518360477297643,
      0.0014801477012020535,
      0.0015092925436367341,
      0.0015392677822375338,
      0.0015700705639380903,
      0.0016016979737637589,
      0.001634147033284762,
      0.0016674146991643964,
      0.0017014978618046122,
      0.0017363933440900637,
      0.0017720979002306815,
      0.0018086082147019443,
      0.0018459209012812634,
      0.0018840325021783223,
      0.0019229394872567116,
      0.0019626382533438186,
      0.0020031251236256645,
      0.002044396347123176,
      0.0020864480982462287,
      0.00212927647642177,
      0.0021728775057922615,
      0.002217247134980748,
      0.0022623812369188764,
      0.0023082756087343063,
      0.002354925971694044,
      0.002402327971200345,
      0.002450477176835991,
      0.002499369082455869,
      0.002548999106321933,
      0.002599362591278795,
      0.002650454804967324,
      0.002702270940073793,
      0.002754806114612271,
      0.0028080553722380722,
      0.002862013682590259,
      0.002916675941661279,
      0.002972036972191991,
      0.0030280915240904266,
      0.0030848342748727546,
      0.0031422598301250443,
      0.0032003627239845026,
      0.0032591374196389734,
      0.0033185783098435635,
      0.003378679717453364,
      0.0034394358959713013,
      0.003500841030110223,
      0.003562889236368409,
      0.0036255745636177314,
      0.003688890993703797,
      0.0037528324420573957,
      0.003817392758316674,
      0.0038825657269594997,
      0.003948345067945485,
      0.004014724437367229,
      0.004081697428110332,
      0.0041492575705217956,
      0.0042173983330864315,
      0.004286113123110957,
      0.004355395287415446,
      0.004425238113031856,
      0.004495634827909365,
      0.004566578601626256,
      0.004638062546108131,
      0.0047100797163522334,
      0.004782623111157684,
      0.00485568567386142,
      0.0049292602930796955,
      0.005003339803454962,
      0.005077916986407965,
      0.005152984570894924,
      0.005228535234169662,
      0.0053045616025505435,
      0.005381056252192096,
      0.005458011709861216,
      0.005535420453717824,
      0.0056132749140998806,
      0.005691567474312642,
      0.005770290471422075,
      0.005849436197052329,
      0.0059289968981871555,
      0.006008964777975217,
      0.0060893319965391705,
      0.006170090671788456,
      0.006251232880235692,
      0.00633275065781662,
      0.0064146360007134836,
      0.006496880866181802,
      0.006579477173380418,
      0.006662416804204787,
      0.006745691604123385,
      0.0068292933830172015,
      0.006913213916022205,
      0.006997444944374747,
      0.0070819781762597785,
      0.007166805287661851,
      0.007251917923218799,
      0.007337307697078045,
      0.007422966193755446,
      0.007508884968996597,
      0.007595055550640539,
      0.007681469439485788,
      0.007768118110158588,
      0.007854993011983356,
      0.0079420855698552,
      0.008029387185114468,
      0.008116889236423232,
      0.008204583080643646,
      0.00829246005371807,
      0.008380511471550937,
      0.008468728630892243,
      0.008557102810222586,
      0.008645625270639692,
      0.008734287256746359,
      0.008823079997539706,
      0.008911994707301672,
      0.009001022586490685,
      0.009090154822634429,
      0.009179382591223606,
      0.00926869705660663,
      0.009358089372885169,
      0.009447550684810473,
      0.009537072128680359,
      0.009626644833236827,
      0.009716259920564201,
      0.009805908506987704,
      0.009895581703972398,
      0.009985270619022407,
      0.010074966356580353,
      0.010164660018926876,
      0.010254342707080224,
      0.010344005521695772,
      0.01043363956396541,
      0.010523235936516738,
      0.01061278574431192,
      0.01070228009554622,
      0.010791710102546002,
      0.010881066882666234,
      0.010970341559187339,
      0.01105952526221134,
      0.011148609129557186,
      0.011237584307655209,
      0.011326441952440614,
      0.011415173230245912,
      0.01150376931869221,
      0.0115922214075793,
      0.011680520699774408,
      0.011768658412099602,
      0.011856625776217674,
      0.011944414039516522,
      0.012032014465991819,
      0.012119418337128022,
      0.01220661695277754,
      0.012293601632038008,
      0.012380363714127594,
      0.012466894559258212,
      0.012553185549506646,
      0.012639228089683395,
      0.012725013608199219,
      0.01281053355792929,
      0.012895779417074883,
      0.012980742690022463,
      0.013065414908200158,
      0.01314978763093149,
      0.013233852446286302,
      0.013317600971928783,
      0.013401024855962528,
      0.013484115777772516,
      0.013566865448863995
    ],