{
  "engine": "naive_python",
  "benchmarks": {
    "life_100x100_step": {
      "mean": 0.02620964739996907,
      "std": 0.0002307939173884756,
      "n_runs": 5
    },
    "life_500x500_step": {
      "mean": 0.6804248408000149,
      "std": 0.005308247645778004,
      "n_runs": 5
    },
    "life_1000x1000_step": {
      "mean": 2.7745884323333407,
      "std": 0.015388921471509576,
      "n_runs": 3
    },
    "memory_100x100": {
      "current_mb": 0.086712,
      "peak_mb": 0.169432
    },
    "memory_500x500": {
      "current_mb": 2.032408,
      "peak_mb": 4.060964
    },
    "memory_1000x1000": {
      "current_mb": 8.065048,
      "peak_mb": 16.126244
    },
    "rule110_10000w_1000steps": {
      "mean": 8.739859600000045,
      "std": 0.1735289266716281,
      "n_runs": 5
    }
  }
}