{
  "dt_values": [
    0.1,
    0.05,
    0.01,
    0.005,
    0.001
  ],
  "theta_0": 1.0471975511965976,
  "total_time": 50.0,
  "methods": {
    "euler": [
      201.18497564279878,
      121.83599586750707,
      25.781334211838278,
      14.47725033435892,
      2.361511171847126
    ],
    "symplectic_euler": [
      0.8282719130475584,
      0.3851892708293363,
      0.07297893604723171,
      0.036251680838482514,
      0.0072127903523426795
    ],
    "rk4": [
      0.022075685144258728,
      0.0007038968856161176,
      2.3375870750186323e-07,
      7.598832674204914e-09,
      3.1441516057384433e-12
    ],
    "verlet": [
      0.11032408886600997,
      0.02757070068611167,
      0.0011027097101816707,
      0.0002756762117446243,
      1.1027053615997318e-05
    ]
  }
}