{
  "item_id": "item_017",
  "theta0": 0.5,
  "T_end": 10.0,
  "reference": "RK4 with dt=5e-05",
  "dt_values": [
    0.1,
    0.05,
    0.01,
    0.005,
    0.001,
    0.0005
  ],
  "methods": {
    "euler": {
      "errors": [
        36.93353294856304,
        8.166102246100525,
        0.07312126577549921,
        0.05981869908290316,
        0.013550790653476197,
        0.006830916913036389
      ],
      "convergence_order": 1.61
    },
    "rk4": {
      "errors": [
        0.0007667969010085041,
        4.34981156233194e-05,
        6.312017591936225e-08,
        3.891426902935535e-09,
        6.148026532315498e-12,
        3.729239139715901e-13
      ],
      "convergence_order": 4.05
    },
    "verlet": {
      "errors": [
        0.03058119358426692,
        0.008198573543533094,
        0.0003346905111994425,
        8.372468702494418e-05,
        3.3496535104537983e-06,
        8.374185890835939e-07
      ],
      "convergence_order": 1.99
    }
  },
  "expected_orders": {
    "euler": 1,
    "verlet": 2,
    "rk4": 4
  }
}