{
  "test": "energy_drift_10k_steps",
  "dt": 0.01,
  "n_steps": 10000,
  "euler": {
    "steps": [
      0,
      100,
      200,
      300,
      400,
      500,
      600,
      700,
      800,
      900,
      1000,
      1100,
      1200,
      1300,
      1400,
      1500,
      1600,
      1700,
      1800,
      1900,
      2000,
      2100,
      2200,
      2300,
      2400,
      2500,
      2600,
      2700,
      2800,
      2900,
      3000,
      3100,
      3200,
      3300,
      3400,
      3500,
      3600,
      3700,
      3800,
      3900,
      4000,
      4100,
      4200,
      4300,
      4400,
      4500,
      4600,
      4700,
      4800,
      4900,
      5000,
      5100,
      5200,
      5300,
      5400,
      5500,
      5600,
      5700,
      5800,
      5900,
      6000,
      6100,
      6200,
      6300,
      6400,
      6500,
      6600,
      6700,
      6800,
      6900,
      7000,
      7100,
      7200,
      7300,
      7400,
      7500,
      7600,
      7700,
      7800,
      7900,
      8000,
      8100,
      8200,
      8300,
      8400,
      8500,
      8600,
      8700,
      8800,
      8900,
      9000,
      9100,
      9200,
      9300,
      9400,
      9500,
      9600,
      9700,
      9800,
      9900,
      10000
    ],
    "rel_energy_error": [
      0.0,
      0.03912162079415072,
      0.073433191449803,
      0.10059880719766315,
      0.1231620331550877,
      0.14442136255333307,
      0.1658474351023669,
      0.1863021613795696,
      0.203882964254334,
      0.21849934818607258,
      0.2314199328495184,
      0.24396886180313632,
      0.25689702018281474,
      0.2699730371775288,
      0.2821662479841141,
      0.29273793382102714,
      0.3018300436556805,
      0.3100629672952821,
      0.3180866424613353,
      0.326369135657319,
      0.3350184733219221,
      0.34366222291250254,
      0.35169308443912534,
      0.3587673098562522,
      0.36496961861210336,
      0.37061805751896876,
      0.37606919685724394,
      0.38162586652948416,
      0.38746927415713617,
      0.3935690800271118,
      0.39965130278197103,
      0.40535170748317806,
      0.4104567901530549,
      0.4149850104685052,
      0.4190998091244523,
      0.4230076825841773,
      0.4269049447144583,
      0.4309498943029352,
      0.43522680358275656,
      0.4396972830863156,
      0.44418613242060434,
      0.44845994034775305,
      0.4523565372872085,
      0.4558477675007725,
      0.4590085510322224,
      0.46195889924933886,
      0.46482591593251055,
      0.4677264811432107,
      0.47075490104190687,
      0.47396269589932716,
      0.4773306407289266,
      0.4807556682227334,
      0.48408423397791456,
      0.4871841078354472,
      0.48999798948531925,
      0.49254440779098263,
      0.49488736564743785,
      0.49710756810312173,
      0.49928658001754067,
      0.5014996686276116,
      0.5038096910025515,
      0.5062561738931373,
      0.5088388529871964,
      0.5115049454648982,
      0.5141576499327462,
      0.5166921679675417,
      0.5190373466704948,
      0.521173775947141,
      0.523124642888093,
      0.5249364892020053,
      0.5266640226447659,
      0.5283621251846828,
      0.5300822765109919,
      0.5318695790102934,
      0.5337572851563491,
      0.5357575362266446,
      0.5378511067005429,
      0.539984509524437,
      0.5420830177716841,
      0.5440766432291652,
      0.5459229405491782,
      0.5476135609247096,
      0.5491665434055495,
      0.5506144062526667,
      0.5519950398220638,
      0.5533468096894539,
      0.5547064030432073,
      0.5561074035877217,
      0.5575778352769248,
      0.5591354819706141,
      0.5607811811239128,
      0.5624930157627915,
      0.5642269094239493,
      0.5659274070479093,
      0.5675448936873656,
      0.5690493691194497,
      0.5704340517945519,
      0.5717104508322343,
      0.5729007205327395,
      0.5740314996696928,
      0.5751303498999896
    ]
  },
  "verlet": {
    "steps": [
      0,
      100,
      200,
      300,
      400,
      500,
      600,
      700,
      800,
      900,
      1000,
      1100,
      1200,
      1300,
      1400,
      1500,
      1600,
      1700,
      1800,
      1900,
      2000,
      2100,
      2200,
      2300,
      2400,
      2500,
      2600,
      2700,
      2800,
      2900,
      3000,
      3100,
      3200,
      3300,
      3400,
      3500,
      3600,
      3700,
      3800,
      3900,
      4000,
      4100,
      4200,
      4300,
      4400,
      4500,
      4600,
      4700,
      4800,
      4900,
      5000,
      5100,
      5200,
      5300,
      5400,
      5500,
      5600,
      5700,
      5800,
      5900,
      6000,
      6100,
      6200,
      6300,
      6400,
      6500,
      6600,
      6700,
      6800,
      6900,
      7000,
      7100,
      7200,
      7300,
      7400,
      7500,
      7600,
      7700,
      7800,
      7900,
      8000,
      8100,
      8200,
      8300,
      8400,
      8500,
      8600,
      8700,
      8800,
      8900,
      9000,
      9100,
      9200,
      9300,
      9400,
      9500,
      9600,
      9700,
      9800,
      9900,
      10000
    ],