{
  "dt": 0.01,
  "n_steps": 10000,
  "initial_energy": -0.125,
  "integrators": {
    "Forward Euler": {
      "max_abs_dE_over_E": 0.4775434455607962,
      "final_dE_over_E": 0.4775434455607962,
      "energy_errors_sampled": [
        0.00019999250062463503,
        0.020020346322136895,
        0.03896255183105868,
        0.05611557647126797,
        0.07122119099019253,
        0.08478737636524925,
        0.09757846000144466,
        0.11019601629337938,
        0.12283055488558747,
        0.13518695034052597,
        0.14674397261431715,
        0.15719816597411806,
        0.1666403328962207,
        0.17540867947665406,
        0.18388715864239424,
        0.19236887012685522,
        0.20095920848493787,
        0.20952639716566734,
        0.21777555356768863,
        0.22544316870043757,
        0.23244977125667765,
        0.23889974269737246,
        0.24499351093745514,
        0.2509451634645221,
        0.25692660925212196,
        0.2630226885640372,
        0.26919682127771893,
        0.2752983551181517,
        0.28113608774289,
        0.2865778708186204,
        0.29160165527080417,
        0.29627895142901284,
        0.3007298317774385,
        0.30508404374398934,
        0.3094542236946758,
        0.313913597734068,
        0.31847456299457977,
        0.3230777369989395,
        0.3276091314945966,
        0.3319478099456563,
        0.3360164276337485,
        0.3398027618421131,
        0.34334906688649425,
        0.3467283011832306,
        0.35002310636258815,
        0.35331113336796327,
        0.356653399812781,
        0.36008232113736227,
        0.3635905486727111,
        0.36712782381978604,
        0.37061424969740386,
        0.3739685966705659,
        0.37713666346885055,
        0.3801041788223605,
        0.3828922935050476,
        0.3855446641492073,
        0.38811485272740764,
        0.3906571757767787,
        0.39322002210057816,
        0.3958395221624237,
        0.3985324843079583,
        0.40129003099758376,
        0.4040761719482924,
        0.4068356759342132,
        0.40951057736944296,
        0.41205776841990094,
        0.41445896714960917,
        0.4167204538333995,
        0.4188663830697821,
        0.42093083954115607,
        0.4229514791895981,
        0.4249650494850178,
        0.42700381755544714,
        0.42909181876405256,
        0.4312405125282045,
        0.43344473103351655,
        0.4356812464876444,
        0.4379125335432559,
        0.440096055328428,
        0.4421956611866591,
        0.444189957556019,
        0.4460747332658306,
        0.4478603273855486,
        0.44956680745946753,
        0.4512193437612674,
        0.45284473190183117,
        0.4544689181111946,
        0.45611492136864473,
        0.45780055796122365,
        0.45953572017431243,
        0.46131961138561506,
        0.46313913751221536,
        0.46497004270455633,
        0.4667816025186108,
        0.46854375792429703,
        0.47023390189013714,
        0.4718407226517294,
        0.47336439364727245,
        0.4748142395138688,
        0.47620556565059635
      ]
    },
    "Leapfrog KDK": {
      "max_abs_dE_over_E": 2.4996203995542032e-09,
      "final_dE_over_E": 1.7261336804352823e-10,
      "energy_errors_sampled": [
        6.228351168147128e-14,
        5.851885642726984e-10,
        1.7813630570628902e-09,
        2.488815376011644e-09,
        2.057365389163124e-09,
        8.83509820859274e-10,
        4.6372905515568164e-11,
        3.158482364540305e-10,
        1.4440811879623539e-09,
        2.393630849084616e-09,
        2.2917419073564815e-09,
        1.2320496844964168e-09,
        1.8860335515569204e-10,
        1.20946364035035e-10,
        1.09130915415534e-09,
        2.2073193273186575e-09,
        2.443106938976314e-09,
        1.5819900944791243e-09,
        4.1541614592688347e-10,
        1.6018630866199146e-11,
        7.51156026268518e-10,
        1.9447137233896683e-09,
        2.499401685618352e-09,
        1.9054559041720154e-09,
        7.0872174795511e-10,
        9.430789482678392e-12,
        4.5073333954093187e-10,
        1.6267329705499378e-09,
        2.4561453981775117e-09,
        2.1766719537907875e-09,
        1.0451465248806358e-09,
        1.0171230524491648e-10,
        2.139917132382152e-10,
        1.278708472440826e-09,
        2.3167781026955936e-09,
        2.3740346355438646e-09,
        1.3978613822018815e-09,
        2.854947389607787e-10,
        5.979827744084787e-11,
        9.283662727455066e-10,
        2.0923995869281953e-09,
        2.4818241906032767e-09,
        1.7387655759648624e-09,
        5.461315844002002e-10,
        4.564126854234019e-13,
        6.036262600872533e-10,
        1.8008796676127758e-09,
        2.491458039877159e-09,
        2.040695612492982e-09,
        8.62837801207661e-10,
        4.069078407553661e-11,
        3.3037350632980633e-10,
        1.4654417679338394e-09,
        2.4021737932145015e-09,
        2.279608724009563e-09,
        1.2103741342528451e-09,
        1.7730328316645227e-10,
        1.3040102331274284e-10,
        1.1128078458710888e-09,
        2.221080652731189e-09,
        2.436470136757407e-09,
        1.5610398529375402e-09,
        3.9939385132470306e-10,
        1.9646839710674158e-11,
        7.710840854713297e-10,
        1.962601636762429e-09,
        2.4987963920253264e-09,
        1.886901634939875e-09,
        6.892603154895482e-10,
        6.946554442777142e-12,
        4.675022591271727e-10,
        1.6473216124524015e-09,
        2.4616134686183955e-09,
        2.161986700777163e-09,
        1.0237855008199404e-09,
        9.330425321252278e-11,
        2.2625346041138528e-10,
        1.3003454979454432e-09,
        2.327878889651913e-09,
        2.364382023500866e-09,
        1.3763070683125989e-09,
        2.7183677531184003e-10,
        6.658129603209773e-11,
        9.493335006993675e-10,
        2.108255348076682e-09,
        2.4779812646258392e-09,
        1.718735820332995e-09,
        5.283131709887812e-10,
        1.2222445278098348e-12,
        6.22257134708093e-10,
        1.820227413240616e-09,
        2.4937292231186348e-09,
        2.023786693783336e-09,
        8.422783581707449e-10,
        3.537414805521166e-11,
        3.451779972962754e-10,
        1.486737066791477e-09,
        2.4103776752326667e-09,
        2.2671690080855456e-09,
        1.1887142381539206e-09
      ]
    },
    "Velocity Verlet": {
      "max_abs_dE_over_E": 2.499622731022555e-09,
      "final_dE_over_E": 1.7261858609174396e-10,