{
  "method": "euler",
  "dt": 0.01,
  "total_time": 10.0,
  "theta_0": 0.5235987755982988,
  "omega_0": 0.0,
  "g": 9.81,
  "L": 1.0,
  "energy_drift_abs": 1.9629565564720224,
  "energy_drift_pct": 23.105270056812696,
  "final_theta": 0.46048655628203794,
  "final_omega": 2.123865480368853
}