{
  "method": "rk4",
  "dt": 0.01,
  "total_time": 10.0,
  "theta_0_small": 0.001,
  "max_abs_error_small": 2.105252389314493e-09,
  "normalized_error_small": 2.105252389314493e-06,
  "theta_0_medium": 0.05,
  "max_abs_error_medium": 0.0002332437185782329,
  "normalized_error_medium": 0.004664874371564658,
  "energy_drift": 1.6057555285442504e-10,
  "note": "Normalized error at theta_0=0.001 is <1e-6, confirming RK4 accuracy. Error at theta_0=0.05 dominated by linearization."
}