{
  "item_id": "item_012",
  "n_steps": 10000,
  "dt": 0.01,
  "theta0": 0.5,
  "euler_energy_drift": 5.3168126326,
  "rk4_energy_drift": 1.6641215e-08,
  "improvement_ratio": 319496667.64,
  "note": "RK4 energy drift is 319496668x smaller than Euler over 10000 steps"
}