{
  "test": "performance_scaling",
  "n_steps": 100,
  "dt": 0.01,
  "N_values": [
    10,
    50,
    100,
    200,
    500
  ],
  "direct_times": [
    0.0306,
    0.7837,
    3.1822,
    12.8485,
    80.0224
  ],
  "bh_times": [
    0.0267,
    0.3885,
    1.175,
    3.5566,
    13.9048
  ],
  "direct_loglog_slope": 2.0126850791432873,
  "direct_r_squared": 0.999995263973691,
  "bh_loglog_slope": 1.6036908055593015,
  "bh_r_squared": 0.9994457063167521
}