{
  "dt": 0.01,
  "total_time": 1000.0,
  "theta_0": 1.0,
  "methods": {
    "euler": {
      "energy_drift_abs": 481.79690057373097,
      "energy_drift_pct": 9089.880492475182,
      "final_energy": 475.68729314093554,
      "initial_energy": -5.300365620566452
    },
    "symplectic_euler": {
      "energy_drift_abs": 0.06746810506354795,
      "energy_drift_pct": 1.272895303708079,
      "final_energy": -5.291947343958691,
      "initial_energy": -5.300365620566452
    },
    "verlet": {
      "energy_drift_abs": 0.001021254980162034,
      "energy_drift_pct": 0.019267632711965486,
      "final_energy": -5.300366177709897,
      "initial_energy": -5.300365620566452
    }
  }
}