{
  "hybrid_vs_lkh_10s": {
    "n_pairs": 9,
    "mean_diff": 113.87222222222206,
    "wilcoxon_p": 0.00390625,
    "ci_95": [
      94.50466994867313,
      133.239774495771
    ],
    "cohens_d": 3.841296900479976
  },
  "hybrid_vs_ortools_10s": {
    "n_pairs": 9,
    "mean_diff": 42.623333333332994,
    "wilcoxon_p": 0.25,
    "ci_95": [
      0.7749402687908784,
      84.4717263978751
    ],
    "cohens_d": 0.6654316308263588
  },
  "hybrid_vs_lkh_30s": {
    "n_pairs": 9,
    "mean_diff": -54.80777777777732,
    "wilcoxon_p": 0.05078125,
    "ci_95": [
      -100.57954849916011,
      -9.036007056394524
    ],
    "cohens_d": -0.7823107470773191
  },
  "hybrid_vs_ortools_30s": {
    "n_pairs": 9,
    "mean_diff": 10.763333333333625,
    "wilcoxon_p": 0.03125,
    "ci_95": [
      3.0635380613081002,
      18.46312860535915
    ],
    "cohens_d": 0.9132768074929741
  }
}