{
  "train_loss": [
    0.830780141800642,
    0.6900201834738254,
    0.6576897086575627,
    0.6572192320600152,
    0.6395825961604714,
    0.6355991875752807,
    0.6296925947070122,
    0.6211437221616507,
    0.6241117401048542,
    0.6206554131582379,
    0.6136932089924813,
    0.6163191871717573,
    0.6076244056224823,
    0.61611647028476,
    0.6130686234682798,
    0.6055874243378639,
    0.6027766244485975,
    0.6017023835331201,
    0.606999047845602,
    0.5976658781990409,
    0.5965787531808019,
    0.6010221157222986,
    0.6020747810602188,
    0.6002364469692111,
    0.5877783866599202
  ],
  "val_loss": [
    0,
    0,
    0,
    0,
    0,
    0,
    0,
    0,
    0,
    0,
    0,
    0,
    0,
    0,
    0,
    0,
    0,
    0,
    0,
    0,
    0,
    0,
    0,
    0,
    0
  ],
  "val_precision": [
    0.270081490104773,
    0.2378917378917379,
    0.28102189781021897,
    0.25411522633744854,
    0.2522704339051463,
    0.27122381477398017,
    0.25148809523809523,
    0.2796511627906977,
    0.26652221018418204,
    0.27680090754395914,
    0.2822857142857143,
    0.26695371367061355,
    0.3388756927949327,
    0.2637774210807919,
    0.2616525423728814,
    0.2863905325443787,
    0.2794536141149687,
    0.3036515054452274,
    0.28374497415278577,
    0.25599184089750127,
    0.28055878928987193,
    0.29860228716645487,
    0.2655579399141631,
    0.29326047358834245,
    0.2819025522041763
  ],
  "val_recall": [
    0.8592592592592593,
    0.9277777777777778,
    0.8555555555555555,
    0.9148148148148149,
    0.9259259259259259,
    0.9111111111111111,
    0.9388888888888889,
    0.8907407407407407,
    0.9111111111111111,
    0.9037037037037037,
    0.9148148148148149,
    0.9185185185185185,
    0.7925925925925926,
    0.912962962962963,
    0.9148148148148149,
    0.8962962962962963,
    0.9092592592592592,
    0.8777777777777778,
    0.9148148148148149,
    0.9296296296296296,
    0.8925925925925926,
    0.8703703703703703,
    0.9166666666666666,
    0.8944444444444445,
    0.9
  ],
  "val_f1": [
    0.4109831709477414,
    0.3786848072562358,
    0.4230769230769231,
    0.3977455716586151,
    0.3965107057890563,
    0.4180118946474087,
    0.3967136150234742,
    0.42566371681415927,
    0.4124056999161777,
    0.42379504993486755,
    0.43144104803493455,
    0.41367806505421184,
    0.47476428175263446,
    0.40929846409298465,
    0.4069192751235585,
    0.43408071748878924,
    0.42751414888985645,
    0.45121370775821035,
    0.43314335817623856,
    0.4014394242303079,
    0.4269264836138175,
    0.44465468306527905,
    0.4118136439267887,
    0.4417009602194787,
    0.42932862190812715
  ]
}